"Champion","Pos","GP","P%","B%","P+B%","W%","CTR%","K","D","A","KDA","KP","DTH%","FB%","GD10","XPD10","CSD10","CSPM","CS%P15","DPM","DMG%","GOLD%","WPM","WCPM"
"Aatrox","Jungle",1,"0.5%","0.0%","1.0%","0%","100%",2,5,2,0.8,"80.0%","21.7%","0%",446,105,2,6.4,"16.9%",282,"16.4%","22.5%",0.38,0.7
"Aatrox","Top",1,"0.5%","0.0%","1.0%","0%","100%",1,4,2,0.8,"37.5%","28.6%","0%",-541,-44,-17,8.3,"24.4%",395,"20.5%","18.3%",0.41,0.16
"Ahri","Middle",24,"11.8%","4.4%","16.2%","63%","42%",118,51,159,5.4,"70.1%","14.6%","4%",213,81,3.5,9.4,"26.3%",723,"24.8%","22.7%",0.32,0.26
"Akali","Middle",20,"9.8%","18.6%","28.4%","40%","95%",89,62,81,2.7,"56.1%","19.6%","5%",-230,-39,-7.1,8.6,"23.6%",584,"22.1%","21.4%",0.3,0.21
"Alistar","Support",12,"5.9%","2.5%","8.3%","58%","75%",6,37,139,3.9,"71.1%","20.7%","58%",-179,-18,1.5,1,"1.7%",146,"5.2%","9.6%",2.03,0.36
"Ambessa","Jungle",5,"2.5%","10.3%","28.4%","0%","40%",10,19,20,1.6,"63.8%","18.3%","60%",354,285,5.6,7,"20.5%",375,"13.9%","19.8%",0.38,0.34
"Ambessa","Top",32,"15.7%","10.3%","28.4%","31%","75%",82,93,145,2.4,"55.8%","17.0%","3%",-75,16,-3.4,8.6,"25.3%",680,"24.5%","20.9%",0.39,0.14
"Anivia","Middle",24,"11.8%","14.7%","33.8%","67%","83%",97,51,149,4.8,"66.1%","15.1%","17%",3,66,0,8.8,"24.5%",674,"23.2%","21.4%",0.5,0.26
"Anivia","Support",8,"3.9%","14.7%","33.8%","38%","75%",4,34,58,1.8,"66.7%","23.8%","50%",186,-40,-2.8,1.3,"3.6%",291,"10.6%","10.6%",1.7,0.51
"Anivia","Top",7,"3.4%","14.7%","33.8%","29%","71%",15,23,25,1.7,"43.0%","19.8%","14%",74,37,1,7.9,"21.4%",548,"19.8%","18.4%",0.56,0.19
"Annie","Middle",50,"24.5%","15.2%","40.2%","56%","20%",148,160,360,3.2,"64.5%","23.1%","22%",20,-1,2.3,8.3,"22.0%",709,"23.6%","19.5%",0.33,0.26
"Annie","Top",1,"0.5%","15.2%","40.2%","100%","100%",2,8,9,1.4,"61.1%","47.1%","0%",-856,243,-8,5.8,"12.3%",571,"18.6%","12.5%",0.37,0.19
"Aphelios","ADC",3,"1.5%","1.0%","2.5%","67%","100%",13,8,21,4.3,"70.8%","22.9%","67%",339,368,8,10.5,"32.9%",738,"27.3%","29.7%",0.47,0.52
"Ashe","ADC",48,"23.5%","24.0%","47.5%","56%","29%",188,138,303,3.6,"71.5%","21.2%","23%",-74,-158,-0.2,10,"29.7%",658,"24.4%","26.2%",0.43,0.41
"Aurelion Sol","Middle",1,"0.5%","0.0%","0.5%","0%","100%",3,2,2,2.5,"62.5%","10.0%","0%",-357,-935,-19,9.5,"29.6%",465,"18.7%","24.6%",0.46,0.25
"Aurora","Middle",39,"19.1%","7.8%","28.9%","41%","56%",179,98,197,3.8,"65.6%","17.0%","10%",47,10,-1,8.8,"24.4%",715,"26.6%","21.7%",0.34,0.26
"Aurora","Top",4,"2.0%","7.8%","28.9%","25%","75%",14,14,10,1.7,"58.5%","16.5%","0%",199,156,5.8,8.5,"23.6%",807,"30.6%","21.4%",0.37,0.26
"Azir","Middle",33,"16.2%","28.4%","44.6%","52%","33%",122,105,175,2.8,"58.1%","19.2%","6%",-196,-116,-3.1,9.4,"26.5%",783,"26.4%","22.1%",0.44,0.28
"Bard","Support",50,"24.5%","40.7%","65.2%","60%","36%",55,157,539,3.8,"80.7%","21.8%","32%",3,34,-0.8,1.1,"2.8%",241,"8.8%","10.8%",2.05,0.66
"Blitzcrank","-",0,"0%","0.5%","0.5%","-","-","-","-","-","-","-","-","-","-","-","-","-","-","-","-","-","-","-"
"Braum","Support",2,"1.0%","0.0%","1.0%","100%","100%",1,5,25,5.2,"66.7%","25.0%","0%",5,-138,-1,1,"1.7%",161,"5.0%","9.4%",2.09,0.43
"Caitlyn","ADC",44,"21.6%","23.5%","45.1%","57%","43%",177,131,238,3.2,"64.0%","20.2%","16%",223,75,6.9,10.4,"31.7%",762,"26.7%","27.7%",0.47,0.42
"Camille","Support",3,"1.5%","0.0%","1.5%","67%","100%",10,15,24,2.3,"58.6%","35.7%","100%",363,-258,1.7,1.4,"4.0%",351,"12.1%","12.6%",2.16,0.73
"Cassiopeia","Middle",23,"11.3%","23.5%","34.8%","52%","48%",89,72,126,3,"62.7%","20.8%","22%",160,120,6.5,8.8,"23.8%",699,"24.3%","21.6%",0.46,0.16
"Corki","ADC",23,"11.3%","5.4%","16.7%","39%","83%",93,63,104,3.1,"66.6%","16.9%","17%",-194,-104,-3.7,10,"32.6%",744,"29.0%","27.9%",0.43,0.31
"Dr. Mundo","Jungle",1,"0.5%","0.0%","0.5%","0%","100%",2,3,6,2.7,"88.9%","15.0%","0%",125,651,13,6.7,"17.3%",708,"23.3%","19.5%",0.29,0.59
"Draven","ADC",1,"0.5%","0.0%","0.5%","0%","100%",1,5,3,0.8,"57.1%","27.8%","0%",-2153,-611,-7,9.9,"34.8%",572,"23.8%","28.1%",0.44,0.34
"Elise","Support",5,"2.5%","1.5%","3.9%","40%","80%",14,22,44,2.6,"58.0%","26.8%","40%",173,-194,1.6,1.3,"3.6%",395,"11.9%","11.4%",2.32,0.72
"Ezreal","ADC",60,"29.4%","22.1%","51.5%","37%","25%",240,150,267,3.4,"64.3%","15.6%","27%",12,133,3.4,10.2,"31.2%",821,"30.2%","27.7%",0.41,0.29
"Galio","Middle",7,"3.4%","3.9%","8.8%","43%","100%",15,22,48,2.9,"73.3%","23.9%","29%",-351,-259,-9.6,8.5,"23.1%",416,"17.8%","20.1%",0.39,0.25
"Galio","Top",3,"1.5%","3.9%","8.8%","67%","100%",4,9,27,3.4,"52.5%","23.7%","33%",-107,-125,-8.7,8.6,"22.7%",485,"16.9%","17.1%",0.36,0.22
"Gnar","Top",55,"27.0%","11.3%","38.2%","65%","36%",118,135,286,3,"48.7%","19.7%","18%",-9,10,-0.3,8.8,"24.5%",640,"23.1%","20.6%",0.47,0.23
"Gragas","Top",1,"0.5%","0.0%","0.5%","0%","100%",1,4,4,1.3,"50.0%","21.1%","0%",38,-175,-9,7.4,"21.4%",372,"18.4%","16.6%",0.6,0.17
"Gwen","Top",4,"2.0%","2.9%","4.9%","0%","100%",11,14,8,1.4,"52.8%","15.4%","0%",218,96,4.3,8.9,"26.0%",1008,"33.5%","24.3%",0.34,0.26
"Hwei","Middle",5,"2.5%","1.0%","3.4%","60%","100%",19,18,52,3.9,"66.4%","19.1%","20%",-190,-66,-2.4,8.1,"23.5%",723,"23.2%","19.7%",0.48,0.13
"Illaoi","Top",2,"1.0%","0.0%","1.0%","100%","100%",6,6,5,1.8,"39.3%","46.2%","0%",-246,-274,-7.5,9.8,"26.9%",767,"28.3%","19.6%",0.59,0.09
"Irelia","Top",1,"0.5%","0.0%","0.5%","0%","100%",0,10,3,0.3,"17.6%","43.5%","0%",-1062,-1036,-11,9.6,"28.1%",416,"14.5%","19.1%",0.53,0.16
"Jarvan IV","Jungle",70,"34.3%","28.9%","63.2%","56%","16%",183,211,686,4.1,"83.2%","21.9%","37%",59,56,0.9,6.8,"17.5%",420,"15.3%","19.3%",0.36,0.44
"Jax","Jungle",1,"0.5%","2.0%","3.9%","0%","100%",3,5,7,2,"83.3%","25.0%","100%",196,378,2,6.5,"17.4%",494,"16.5%","20.2%",0.72,0.44
"Jax","Top",3,"1.5%","2.0%","3.9%","100%","33%",12,4,13,6.3,"36.8%","12.5%","0%",39,192,-5.7,8.2,"23.7%",641,"20.0%","19.5%",0.59,0.15
"Jayce","Top",54,"26.5%","28.4%","54.9%","48%","6%",166,182,264,2.4,"54.9%","23.1%","9%",254,-8,6.1,8.9,"23.8%",770,"26.5%","21.6%",0.51,0.2
"Jhin","ADC",49,"24.0%","5.9%","29.9%","57%","78%",215,98,332,5.6,"69.1%","15.2%","37%",112,45,0.6,10,"30.1%",724,"24.2%","27.2%",0.47,0.23
"K'Sante","Top",37,"18.1%","7.8%","26.0%","35%","84%",79,111,169,2.2,"45.7%","18.8%","0%",-174,-15,-3.8,8.2,"20.9%",469,"17.0%","18.6%",0.43,0.17
"Kai'Sa","ADC",3,"1.5%","1.5%","2.9%","33%","100%",13,10,8,2.1,"58.3%","20.0%","33%",-151,-411,-12.3,9.7,"32.0%",537,"23.5%","30.3%",0.44,0.42
"Kalista","ADC",7,"3.4%","2.0%","5.4%","43%","43%",31,27,41,2.7,"73.5%","20.1%","29%",-29,-121,-0.9,9.7,"29.6%",748,"25.0%","27.2%",0.41,0.38
"Karma","Support",41,"20.1%","57.4%","77.5%","56%","5%",35,87,477,5.9,"77.2%","16.9%","44%",116,68,-2.1,1,"2.4%",309,"10.1%","10.7%",2.02,0.49
"Kennen","Top",4,"2.0%","2.0%","3.9%","25%","75%",8,14,10,1.3,"42.9%","21.5%","25%",432,106,9.5,8.6,"23.4%",663,"25.5%","20.5%",0.44,0.21
"Kha'Zix","Jungle",2,"1.0%","0.0%","1.0%","100%","100%",19,5,15,6.8,"85.0%","35.7%","100%",1438,205,1.5,8.3,"21.5%",849,"29.2%","28.3%",0.31,0.61
"Kog'Maw","ADC",3,"1.5%","0.5%","2.5%","67%","100%",16,6,20,6,"65.5%","18.2%","33%",-41,-8,-1.3,9.7,"30.1%",1171,"31.8%","27.4%",0.4,0.33
"Kog'Maw","Middle",1,"0.5%","0.5%","2.5%","0%","100%",2,1,3,5,"83.3%","8.3%","0%",-200,-246,-3,8.8,"23.9%",612,"35.2%","22.0%",0.53,0.22
"LeBlanc","Middle",6,"2.9%","5.9%","8.8%","33%","100%",21,16,27,3,"57.8%","15.5%","17%",243,214,4.3,8.6,"22.5%",778,"26.8%","20.9%",0.32,0.26
"Lee Sin","Jungle",37,"18.1%","17.2%","35.3%","51%","54%",166,120,283,3.7,"76.6%","20.6%","35%",38,50,0.4,6.9,"18.5%",475,"16.5%","20.7%",0.7,0.33
"Leona","Support",5,"2.5%","2.5%","4.9%","40%","60%",1,24,32,1.4,"55.0%","27.6%","0%",-335,-217,-1.6,1.1,"2.5%",127,"5.2%","8.8%",1.96,0.53
"Lissandra","Middle",1,"0.5%","0.0%","0.5%","100%","100%",1,3,10,3.7,"55.0%","37.5%","0%",-699,-525,-12,8.7,"21.9%",469,"17.7%","17.7%",0.17,0.17
"Lucian","ADC",38,"18.6%","18.1%","36.8%","53%","18%",164,122,185,2.9,"67.9%","23.8%","37%",107,-7,0.2,10,"32.0%",874,"30.7%","27.5%",0.46,0.43
"Lulu","Support",45,"22.1%","11.8%","33.8%","44%","38%",19,120,462,4,"77.6%","18.0%","24%",-70,-60,1.6,1,"1.7%",206,"7.9%","10.2%",1.86,0.4
"Lux","Support",9,"4.4%","0.0%","4.4%","78%","89%",9,19,108,6.2,"78.0%","15.2%","33%",224,202,-2,1.3,"3.5%",374,"12.6%","11.4%",1.92,0.48
"Maokai","Jungle",3,"1.5%","0.0%","1.5%","100%","100%",6,2,31,18.5,"69.8%","8.7%","33%",186,343,5.3,7.2,"19.4%",526,"17.1%","18.4%",0.36,0.38
"Mel","ADC",8,"3.9%","5.9%","15.7%","50%","100%",58,21,36,4.5,"60.3%","16.5%","50%",277,284,-0.4,10.1,"30.8%",717,"26.5%","28.5%",0.52,0.25
"Mel","Middle",12,"5.9%","5.9%","15.7%","50%","92%",76,22,46,5.5,"70.9%","14.0%","25%",336,155,8.8,9.8,"27.1%",766,"26.4%","24.8%",0.49,0.23
"Milio","Support",34,"16.7%","0.5%","17.2%","53%","38%",15,69,368,5.6,"82.4%","15.0%","35%",-50,65,-2,0.9,"1.6%",161,"5.7%","10.4%",1.86,0.34
"Miss Fortune","ADC",20,"9.8%","3.4%","13.2%","55%","75%",115,50,116,4.6,"71.1%","17.5%","15%",-120,-26,-4.9,10.4,"32.4%",855,"29.3%","30.1%",0.44,0.39
"Morgana","Support",1,"0.5%","0.0%","0.5%","100%","100%",1,2,17,9,"90.0%","11.8%","100%",773,408,-7,0.7,"1.6%",254,"8.3%","10.7%",2.3,0.39
"Naafiri","Jungle",19,"9.3%","5.9%","16.2%","42%","79%",84,61,104,3.1,"72.6%","21.9%","42%",-41,-52,-1.2,6.9,"18.7%",553,"20.2%","21.2%",0.34,0.38
"Naafiri","Top",2,"1.0%","5.9%","16.2%","100%","100%",8,6,9,2.8,"45.9%","40.0%","0%",-493,-70,-9,7.4,"22.2%",591,"22.2%","19.3%",0.34,0.22
"Nami","Support",19,"9.3%","9.8%","19.1%","47%","95%",19,50,170,3.8,"78.8%","18.5%","26%",-81,-156,0.1,1,"1.7%",258,"9.7%","11.0%",1.72,0.38
"Nautilus","Support",38,"18.6%","31.4%","50.0%","34%","74%",15,173,336,2,"65.4%","26.1%","34%",-95,-19,4.1,1,"1.8%",174,"6.3%","9.7%",1.94,0.39
"Neeko","Support",44,"21.6%","6.4%","27.9%","43%","45%",52,175,351,2.3,"61.6%","25.0%","23%",25,-66,-1.3,1.2,"3.2%",376,"13.4%","10.8%",2.03,0.52
"Nidalee","Top",1,"0.5%","0.0%","0.5%","100%","100%",0,1,8,8,"57.1%","20.0%","0%",695,582,14,8.5,"21.3%",852,"25.6%","17.3%",0.37,0.18
"Nocturne","Jungle",33,"16.2%","37.3%","53.4%","45%","39%",101,126,237,2.7,"70.6%","23.1%","30%",-96,-114,-1.7,6.8,"18.3%",471,"16.5%","19.7%",0.35,0.39
"Olaf","Top",4,"2.0%","0.5%","2.5%","75%","100%",20,12,15,2.9,"59.3%","24.0%","25%",-557,-718,-11.5,8.2,"24.9%",474,"20.0%","22.3%",0.39,0.16
"Orianna","Middle",26,"12.7%","75.5%","88.2%","54%","4%",100,50,158,5.2,"68.6%","16.4%","27%",141,153,4.3,9.5,"25.0%",643,"24.6%","22.2%",0.48,0.2
"Ornn","Top",1,"0.5%","0.5%","1.0%","100%","100%",0,7,8,1.1,"36.4%","26.9%","0%",212,278,2,5.8,"15.5%",374,"9.6%","11.9%",0.46,0.16
"Pantheon","Jungle",59,"28.9%","26.0%","54.9%","42%","41%",244,223,314,2.5,"70.9%","24.6%","36%",-80,-146,-3.6,6.5,"16.8%",512,"18.1%","20.1%",0.34,0.29
"Poppy","Jungle",6,"2.9%","4.4%","9.3%","50%","100%",16,17,43,3.5,"62.1%","20.0%","17%",26,12,-1.7,6.1,"15.8%",335,"11.8%","17.9%",0.44,0.39
"Poppy","Support",4,"2.0%","4.4%","9.3%","50%","75%",5,11,40,4.1,"64.3%","16.9%","0%",-124,58,4.3,1.2,"2.1%",232,"8.7%","10.7%",2.14,0.48
"Pyke","Support",10,"4.9%","4.4%","9.3%","50%","60%",26,36,80,2.9,"58.2%","24.2%","40%",74,-158,-3.1,1,"2.8%",247,"8.9%","11.8%",2.13,0.58
"Rakan","Support",8,"3.9%","1.0%","4.9%","63%","88%",8,15,88,6.4,"85.7%","17.9%","13%",83,-33,3.6,1.2,"2.3%",164,"6.7%","11.1%",2.18,0.54
"Rek'Sai","Top",1,"0.5%","0.0%","0.5%","100%","100%",6,1,8,14,"70.0%","6.7%","0%",21,14,3,8.7,"21.6%",878,"27.1%","24.1%",0.42,0.19
"Rell","Support",6,"2.9%","0.5%","3.4%","33%","83%",0,24,64,2.7,"76.2%","27.0%","83%",-97,-150,3.7,1.2,"1.8%",174,"6.7%","9.5%",2.04,0.46
"Renata Glasc","Support",5,"2.5%","0.5%","2.9%","40%","80%",0,14,53,3.8,"73.6%","14.0%","20%",-97,85,0.8,1,"2.8%",178,"5.9%","9.9%",1.79,0.44
"Renekton","Top",42,"20.6%","5.9%","26.5%","40%","10%",81,120,159,2,"44.0%","18.3%","10%",108,109,3.8,8.7,"23.3%",537,"20.8%","19.7%",0.41,0.21
"Rumble","Middle",1,"0.5%","69.6%","85.8%","100%","0%",6,2,12,9,"75.0%","22.2%","0%",363,78,3,7.7,"19.0%",806,"28.8%","18.1%",0.44,0.29
"Rumble","Top",32,"15.7%","69.6%","85.8%","50%","0%",95,113,205,2.7,"61.0%","22.2%","6%",-12,-42,0.7,8.2,"22.2%",771,"27.0%","19.9%",0.48,0.11
"Ryze","Middle",62,"30.4%","22.1%","52.5%","45%","21%",206,152,332,3.5,"64.4%","16.8%","23%",-45,-71,0.1,9.7,"27.9%",648,"23.9%","22.7%",0.49,0.22
"Sejuani","Jungle",2,"1.0%","0.0%","1.0%","50%","100%",6,6,10,2.7,"69.6%","19.4%","0%",-437,-202,-2.5,6,"11.2%",382,"15.1%","17.0%",0.34,0.33
"Senna","ADC",3,"1.5%","0.5%","2.0%","0%","100%",5,13,24,2.2,"67.4%","17.6%","67%",194,324,3,7.9,"23.8%",596,"21.9%","22.9%",0.46,0.3
"Seraphine","Support",49,"24.0%","4.9%","28.9%","49%","35%",52,121,480,4.4,"79.8%","18.1%","18%",22,70,0.4,1.1,"2.3%",266,"10.3%","11.0%",1.88,0.42
"Shen","Top",3,"1.5%","0.5%","2.0%","67%","100%",7,6,28,5.8,"70.0%","18.8%","33%",-81,-248,-15,8.3,"23.2%",719,"18.5%","19.3%",0.44,0.21
"Sion","Top",41,"20.1%","7.4%","27.5%","59%","51%",70,89,322,4.4,"54.7%","16.3%","17%",-173,-37,-5.7,8,"21.0%",564,"19.1%","17.7%",0.45,0.16
"Sivir","ADC",20,"9.8%","8.3%","18.1%","55%","85%",78,49,155,4.8,"73.3%","16.2%","30%",38,-78,-2.2,10.4,"34.0%",842,"27.6%","28.5%",0.46,0.3
"Skarner","Jungle",14,"6.9%","3.4%","10.8%","64%","100%",43,36,101,4,"68.9%","22.5%","29%",42,-54,0.3,6.5,"17.0%",434,"15.1%","18.8%",0.4,0.35
"Skarner","Support",1,"0.5%","3.4%","10.8%","100%","100%",2,1,8,10,"62.5%","20.0%","0%",-46,555,-5,0.7,"1.1%",229,"10.2%","9.5%",2.07,0.32
"Soraka","Support",1,"0.5%","0.0%","0.5%","100%","100%",0,0,20,20,"100.0%","0.0%","100%",-124,-25,-8,0.8,"2.1%",275,"8.2%","10.6%",1.88,0.35
"Sylas","Middle",7,"3.4%","1.0%","5.9%","43%","100%",28,26,30,2.2,"69.0%","22.4%","43%",-84,-34,-6.4,8.8,"23.0%",594,"21.9%","21.7%",0.25,0.22
"Sylas","Top",3,"1.5%","1.0%","5.9%","33%","100%",5,8,17,2.8,"64.7%","29.6%","33%",74,335,0.3,8.4,"23.2%",519,"23.9%","21.2%",0.34,0.11
"Syndra","Middle",1,"0.5%","2.0%","2.5%","0%","100%",2,3,3,1.7,"62.5%","17.6%","0%",-52,154,8,9.3,"21.9%",413,"20.2%","22.9%",0.56,0.19
"Tahm Kench","Support",2,"1.0%","0.0%","1.0%","0%","100%",0,11,12,1.1,"80.0%","21.6%","50%",161,219,-3,0.9,"2.1%",165,"7.0%","9.9%",2.16,0.45
"Taliyah","Middle",19,"9.3%","2.5%","11.8%","42%","95%",54,53,106,3,"72.4%","18.0%","16%",-113,-90,-2.7,9.1,"25.3%",643,"25.9%","21.3%",0.52,0.17
"Thresh","Support",2,"1.0%","0.5%","1.5%","50%","100%",0,4,26,6.5,"86.7%","14.8%","100%",322,184,6,1.1,"1.0%",162,"6.1%","9.1%",1.73,0.36
"Tristana","Top",1,"0.5%","0.5%","1.0%","0%","100%",3,4,3,1.5,"50.0%","16.7%","0%",376,415,11,8.2,"20.1%",597,"21.0%","20.2%",0.5,0.19
"Trundle","Jungle",16,"7.8%","6.9%","14.7%","63%","94%",40,47,150,4,"69.1%","23.3%","38%",207,129,2.6,6.5,"17.2%",386,"13.3%","19.1%",0.36,0.56
"Twisted Fate","Middle",14,"6.9%","10.8%","19.6%","50%","50%",37,41,90,3.1,"66.5%","20.0%","14%",64,-214,-10.9,8.6,"24.5%",565,"20.2%","23.6%",0.37,0.27
"Twisted Fate","Top",4,"2.0%","10.8%","19.6%","50%","100%",5,11,15,1.8,"41.7%","19.0%","0%",268,-276,2.3,8.5,"24.4%",547,"19.9%","22.5%",0.48,0.19
"Varus","ADC",5,"2.5%","87.7%","93.1%","20%","0%",18,24,25,1.8,"59.7%","22.9%","20%",-251,-29,-1.8,8.8,"24.9%",855,"28.9%","24.5%",0.42,0.19
"Varus","Top",6,"2.9%","87.7%","93.1%","33%","0%",20,29,18,1.3,"48.7%","30.2%","33%",106,-209,7.5,8,"23.9%",683,"25.3%","20.5%",0.53,0.19
"Vayne","Top",14,"6.9%","13.7%","20.6%","79%","100%",60,30,71,4.4,"53.3%","19.7%","29%",162,33,8.9,8.5,"22.9%",669,"24.5%","20.4%",0.48,0.19
"Vi","Jungle",43,"21.1%","21.6%","42.6%","56%","47%",121,150,328,3,"63.3%","23.1%","30%",4,124,3.5,7.1,"18.6%",388,"13.2%","19.4%",0.38,0.42
"Viktor","Middle",19,"9.3%","2.9%","12.3%","42%","58%",80,45,101,4,"64.9%","15.8%","26%",-2,186,3.2,9.2,"24.8%",865,"28.6%","22.1%",0.49,0.19
"Wukong","Jungle",24,"11.8%","7.4%","19.1%","46%","79%",95,75,149,3.3,"68.2%","20.8%","29%",-72,-38,0.3,6.9,"18.0%",443,"15.5%","21.0%",0.38,0.49
"Xayah","ADC",8,"3.9%","0.5%","4.4%","75%","75%",32,23,57,3.9,"70.6%","24.2%","38%",87,54,3.4,10.8,"32.7%",686,"25.8%","28.6%",0.48,0.37
"Xin Zhao","Jungle",72,"35.3%","18.1%","53.4%","49%","49%",203,237,483,2.9,"69.3%","22.9%","36%",-62,-26,-0.5,7.1,"18.9%",481,"17.2%","20.1%",0.36,0.42
"Yone","Middle",9,"4.4%","1.5%","5.9%","67%","78%",36,20,46,4.1,"61.7%","14.6%","0%",-154,51,-3.8,10.1,"29.9%",614,"23.5%","24.1%",0.44,0.15
"Yorick","Top",30,"14.7%","8.8%","23.5%","50%","93%",75,87,121,2.3,"47.9%","18.6%","13%",-158,44,-2.7,9,"25.8%",576,"22.7%","21.7%",0.44,0.14
"Yunara","ADC",50,"24.5%","11.3%","35.8%","44%","32%",209,172,253,2.7,"65.8%","23.2%","18%",-188,-82,-5.1,10.2,"32.5%",738,"27.4%","27.8%",0.44,0.41
"Yuumi","Support",4,"2.0%","2.5%","4.4%","75%","100%",1,7,59,8.6,"82.2%","12.1%","25%",-37,338,-1.3,0.6,"0.9%",308,"9.2%","11.4%",1.69,0.1
"Zaahen","Top",14,"6.9%","2.0%","8.8%","64%","100%",40,26,67,4.1,"49.8%","13.2%","14%",34,-4,-0.9,8.9,"25.4%",728,"24.8%","21.4%",0.38,0.25
"Zeri","ADC",3,"1.5%","0.5%","2.0%","33%","100%",8,13,10,1.4,"62.1%","27.1%","33%",-76,-361,-10.3,10.6,"35.2%",590,"24.6%","28.0%",0.4,0.56
"Ziggs","ADC",12,"5.9%","5.9%","12.7%","75%","92%",57,25,113,6.8,"70.8%","15.5%","17%",-93,176,-1.5,9.7,"28.1%",992,"31.0%","26.0%",0.51,0.2
"Ziggs","Middle",2,"1.0%","5.9%","12.7%","50%","100%",11,7,7,2.6,"60.0%","16.7%","0%",196,63,9,8.5,"24.8%",1135,"33.6%","21.5%",0.53,0.2
"Zoe","Middle",1,"0.5%","0.5%","1.0%","100%","100%",1,3,7,2.7,"57.1%","33.3%","0%",243,-439,0,8.5,"20.7%",735,"28.7%","18.5%",0.58,0.15
"Zyra","Middle",1,"0.5%","0.0%","0.5%","0%","100%",1,4,6,1.8,"41.2%","17.4%","0%",-24,147,-9,8,"20.6%",903,"31.5%","16.7%",0.61,0.27