"Player","Team","Pos","GP","W%","CTR%","K","D","A","KDA","KP","KS%","DTH%","FB%","GD10","XPD10","CSD10","CSPM","CS%P15","DPM","DMG%","D%P15","TDPG","EGPM","GOLD%","STL","WPM","CWPM","WCPM"
"Aiming","KT Rolster","ADC",38,"63%","45%",188,81,245,5.3,"71.7%","31.1%","16.3%","29%",-53,42,-0.1,10.5,"33.7%",805,"28.5%","31.0%",9526,375,"28.6%",0,0.43,0.12,0.38
"Andil","Kiwoom DRX","Support",44,"36%","55%",26,182,397,2.3,"70.9%","4.4%","25.2%","23%",-135,-39,1.3,1,"1.9%",227,"8.5%","6.6%",497,123,"9.9%",0,1.72,0.36,0.38
"Bdd","KT Rolster","Middle",41,"63%","51%",159,102,285,4.4,"68.2%","24.4%","18.9%","17%",78,-37,2.9,8.9,"24.1%",698,"24.6%","25.2%",5607,271,"21.0%",1,0.47,0.21,0.19
"Bluffing","Hanwha Life Esports","Support",3,"67%","33%",4,12,41,3.8,"84.9%","7.5%","21.8%","33%",-128,-320,-3,1,"2.5%",303,"9.7%","9.2%",1141,160,"11.5%",0,1.92,0.36,0.42
"Canyon","Gen.G","Jungle",41,"73%","61%",145,108,376,4.8,"72.8%","20.3%","23.6%","41%",9,-23,0.1,7.2,"19.3%",494,"16.1%","17.9%",3579,276,"19.9%",6,0.44,0.36,0.32
"Career","Dplus Kia","Support",42,"57%","48%",38,77,393,5.6,"75.7%","6.7%","14.9%","31%",55,97,1.7,1.2,"2.2%",247,"9.1%","7.0%",939,139,"10.5%",1,1.94,0.36,0.51
"Casting","HANJIN BRION","Top",40,"40%","53%",79,106,216,2.8,"53.7%","14.4%","19.3%","18%",-44,-35,-2.9,8.4,"22.8%",600,"22.8%","20.5%",8177,255,"20.1%",0,0.57,0.19,0.17
"Chovy","Gen.G","Middle",41,"73%","56%",190,80,307,6.2,"69.4%","26.5%","17.5%","22%",184,222,7.5,9.7,"26.4%",834,"27.2%","27.6%",8627,317,"22.8%",0,0.38,0.1,0.4
"Clear","BNK FEARX","Top",39,"36%","62%",101,119,153,2.1,"48.3%","19.2%","18.3%","5%",-25,-18,-2.5,8.6,"24.1%",555,"21.0%","20.8%",6748,254,"20.5%",0,0.42,0.11,0.17
"Clozer","DN SOOPers","Middle",37,"8%","51%",89,111,114,1.8,"63.0%","27.6%","17.2%","16%",-109,-14,-0.5,9.2,"26.1%",601,"25.5%","24.9%",3578,246,"22.1%",0,0.43,0.19,0.18
"Cuzz","KT Rolster","Jungle",41,"63%","46%",136,130,319,3.5,"69.9%","20.9%","24.1%","27%",55,5,0.7,6.4,"16.9%",449,"15.6%","16.1%",2915,247,"19.1%",4,0.34,0.29,0.47
"Daystar","BNK FEARX","Middle",10,"40%","70%",38,32,57,3,"61.3%","24.5%","18.4%","0%",-401,-313,-10.3,8.6,"25.3%",605,"21.7%","22.5%",6702,273,"21.4%",0,0.46,0.26,0.23
"DDoiV","DN SOOPers","Jungle",2,"0%","50%",1,6,3,0.7,"44.4%","11.1%","22.2%","50%",-454,-394,-7.5,5.9,"14.8%",247,"11.9%","16.2%",0,171,"16.8%",0,0.29,0.25,0.27
"Delight","Hanwha Life Esports","Support",40,"75%","50%",47,109,491,4.9,"73.9%","6.5%","20.1%","35%",98,44,2.4,1.2,"2.6%",223,"7.4%","5.4%",1115,157,"11.2%",0,1.91,0.37,0.55
"deokdam","DN SOOPers","ADC",33,"9%","64%",73,116,134,1.8,"68.1%","24.0%","20.1%","24%",-427,-312,-12.5,9.2,"29.2%",617,"26.3%","28.2%",3232,294,"26.0%",0,0.43,0.11,0.28
"Diable","Nongshim RedForce","ADC",21,"19%","38%",82,83,100,2.2,"65.7%","29.6%","19.6%","19%",16,114,2.5,9.8,"32.9%",795,"26.5%","27.6%",7013,339,"27.8%",0,0.48,0.16,0.33
"Diable","BNK FEARX","ADC",17,"29%","35%",73,61,86,2.6,"71.9%","33.0%","19.7%","24%",-279,-51,0.8,9.6,"31.7%",793,"29.8%","32.9%",7180,355,"28.2%",1,0.51,0.18,0.3
"Doran","T1","Top",40,"75%","38%",123,130,234,2.7,"51.7%","17.8%","23.1%","5%",-168,-156,-1,8.5,"23.7%",673,"22.9%","22.0%",7102,264,"19.6%",0,0.42,0.16,0.18
"DuDu","DN SOOPers","Top",37,"8%","51%",52,109,100,1.4,"47.2%","16.1%","16.8%","8%",55,31,1.8,9,"26.2%",574,"24.1%","22.1%",5913,243,"22.1%",0,0.36,0.15,0.19
"Duro","Gen.G","Support",41,"73%","39%",40,84,508,6.5,"76.5%","5.6%","18.3%","44%",85,2,-4.4,0.9,"2.2%",262,"8.6%","6.7%",570,144,"10.4%",0,2.01,0.43,0.5
"Effort","KT Rolster","Support",41,"63%","44%",41,114,468,4.5,"78.2%","6.3%","21.2%","29%",-32,-115,-0.5,1,"2.3%",237,"8.4%","6.3%",1034,145,"11.2%",0,2.12,0.51,0.5
"Enosh","DN SOOPers","ADC",4,"0%","75%",5,14,7,0.9,"66.7%","27.8%","20.3%","25%",-796,-375,-16.3,9.1,"29.9%",611,"26.5%","30.6%",300,250,"25.0%",0,0.37,0.01,0.34
"Faker","T1","Middle",40,"75%","53%",156,120,247,3.4,"58.4%","22.6%","21.4%","20%",-3,10,0.1,8.8,"24.1%",686,"23.1%","22.6%",8816,289,"21.3%",0,0.46,0.14,0.25
"FenRir","KT Rolster","ADC",3,"67%","67%",13,11,21,3.1,"72.3%","27.7%","26.8%","0%",-494,-460,-12.3,9.3,"32.2%",866,"27.0%","27.9%",9472,365,"27.2%",0,0.43,0.19,0.39
"GIDEON","HANJIN BRION","Jungle",40,"40%","53%",140,106,263,3.8,"73.4%","25.5%","19.3%","40%",149,106,2.1,7.2,"19.5%",404,"14.9%","16.3%",2102,266,"20.7%",3,0.36,0.27,0.38
"Gumayusi","Hanwha Life Esports","ADC",43,"74%","58%",196,122,337,4.4,"68.2%","25.1%","20.4%","28%",97,51,3.8,10,"30.4%",806,"26.8%","28.0%",10837,379,"26.9%",0,0.52,0.2,0.36
"Jiwoo","Kiwoom DRX","ADC",5,"20%","60%",12,16,11,1.4,"53.5%","27.9%","20.5%","20%",18,-2,1,9.7,"27.6%",598,"24.9%","23.9%",6017,314,"25.8%",0,0.36,0.09,0.23
"Kanavi","Hanwha Life Esports","Jungle",43,"74%","42%",166,157,381,3.5,"70.0%","21.3%","26.3%","35%",89,137,2.3,7.2,"20.0%",553,"18.5%","19.7%",3298,287,"20.4%",4,0.35,0.3,0.42
"Kellin","BNK FEARX","Support",39,"36%","38%",23,110,381,3.7,"76.8%","4.4%","16.9%","23%",-45,41,-1.1,0.9,"2.0%",243,"9.2%","6.8%",584,128,"10.3%",0,1.97,0.44,0.4
"Keria","T1","Support",40,"75%","50%",47,104,467,4.9,"74.5%","6.8%","18.5%","38%",114,151,0.3,1.1,"2.4%",289,"9.7%","7.6%",1464,148,"10.8%",0,2.18,0.49,0.4
"Kiin","Gen.G","Top",41,"73%","63%",112,99,298,4.1,"57.3%","15.6%","21.6%","17%",87,110,3.9,8.5,"21.7%",667,"21.8%","19.6%",8387,271,"19.5%",0,0.47,0.16,0.18
"Kingen","Nongshim RedForce","Top",41,"32%","44%",98,139,202,2.2,"51.8%","16.9%","18.3%","2%",-148,-58,-2.9,8.4,"23.5%",674,"23.0%","21.8%",6085,251,"20.3%",1,0.37,0.19,0.18
"LazyFeel","Kiwoom DRX","ADC",39,"38%","44%",128,136,220,2.6,"62.8%","23.1%","21.1%","13%",-139,-1,-4,9.7,"30.7%",739,"26.9%","27.6%",5420,330,"26.5%",0,0.37,0.06,0.3
"Lehends","Nongshim RedForce","Support",34,"38%","68%",17,145,348,2.5,"72.9%","3.4%","23.1%","41%",-2,40,0.9,1.1,"2.5%",258,"8.6%","6.8%",811,134,"10.5%",0,1.71,0.42,0.47
"Life","DN SOOPers","Support",11,"0%","64%",9,59,43,0.9,"68.4%","11.8%","29.2%","36%",-238,-382,-1.3,0.9,"1.8%",216,"10.2%","7.6%",84,115,"10.9%",0,1.65,0.31,0.37
"Loki","HANJIN BRION","Middle",16,"25%","44%",41,49,90,2.7,"67.2%","21.0%","20.2%","13%",-389,-328,-7.2,8.8,"23.5%",540,"22.5%","22.7%",5166,255,"20.5%",0,0.43,0.2,0.23
"Lucid","Dplus Kia","Jungle",39,"56%","54%",113,110,270,3.5,"72.7%","21.4%","22.6%","36%",0,60,1.7,6.8,"16.6%",456,"16.4%","18.0%",1855,252,"19.2%",6,0.42,0.36,0.4
"Namgung","HANJIN BRION","Support",40,"40%","48%",41,125,309,2.8,"63.8%","7.5%","22.8%","30%",-5,-80,-0.7,1.2,"2.9%",272,"10.3%","8.2%",965,133,"10.4%",0,2.09,0.47,0.53
"Oner","T1","Jungle",40,"75%","58%",152,117,331,4.1,"70.0%","22.0%","20.8%","33%",-13,-4,-1,7,"18.9%",491,"16.4%","17.5%",2559,275,"20.3%",5,0.37,0.27,0.43
"PerfecT","KT Rolster","Top",41,"63%","61%",114,101,194,3,"47.3%","17.5%","18.7%","17%",232,209,4.3,8.4,"23.1%",660,"23.0%","21.6%",10162,262,"20.2%",0,0.46,0.2,0.18
"Peter","DN SOOPers","Support",18,"17%","67%",9,66,146,2.3,"80.3%","4.7%","20.8%","33%",-132,-21,0.3,1,"2.1%",221,"8.8%","7.7%",151,120,"10.5%",0,1.98,0.42,0.45
"Peyz","T1","ADC",40,"75%","55%",212,91,256,5.1,"67.8%","30.7%","16.2%","38%",218,-9,4,10.3,"31.0%",823,"28.0%","30.2%",8720,382,"28.0%",1,0.42,0.13,0.36
"Pleata","Nongshim RedForce","Support",7,"0%","43%",6,15,48,3.6,"69.2%","7.7%","11.5%","14%",190,204,3,1.2,"2.8%",286,"10.6%","8.7%",454,120,"10.9%",0,1.98,0.37,0.48
"Pyosik","DN SOOPers","Jungle",35,"9%","34%",82,135,146,1.7,"72.8%","26.2%","21.8%","34%",-161,-184,-2.5,6.5,"16.3%",354,"14.9%","17.0%",618,220,"19.7%",4,0.45,0.36,0.42
"Quantum","DN SOOPers","Support",8,"0%","75%",2,31,40,1.4,"79.2%","3.8%","24.2%","13%",-125,-154,0.3,1.1,"2.7%",208,"9.6%","7.5%",436,109,"9.9%",0,1.87,0.34,0.47
"Raptor","BNK FEARX","Jungle",39,"36%","56%",120,155,273,2.5,"74.7%","22.8%","23.9%","28%",-83,-78,-2.1,6.4,"17.3%",448,"16.8%","17.7%",2220,246,"19.8%",2,0.39,0.31,0.38
"Rich","Kiwoom DRX","Top",44,"36%","43%",96,137,210,2.2,"51.3%","16.1%","18.9%","9%",-157,-178,-5.9,8.2,"22.7%",619,"23.2%","21.6%",5968,243,"19.7%",0,0.46,0.13,0.24
"Roamer","HANJIN BRION","Middle",24,"50%","33%",68,64,146,3.3,"60.5%","19.2%","20.8%","13%",-45,-26,-2,8.6,"22.9%",616,"22.1%","22.0%",5953,258,"20.2%",0,0.41,0.16,0.24
"Ruler","Gen.G","ADC",41,"73%","51%",229,87,260,5.6,"68.3%","32.0%","19.0%","34%",183,52,3.7,10.3,"30.3%",815,"26.3%","28.1%",9858,380,"27.3%",0,0.45,0.18,0.38
"Scout","Nongshim RedForce","Middle",41,"32%","46%",152,131,220,2.8,"64.2%","26.3%","17.3%","22%",-5,73,-1.2,8.8,"25.6%",731,"24.7%","25.4%",6915,277,"22.2%",0,0.38,0.17,0.19
"Sharvel","Dplus Kia","Jungle",3,"67%","67%",5,6,22,4.5,"64.3%","11.9%","20.0%","0%",-315,-98,-1,7.8,"18.9%",338,"13.5%","17.0%",1196,266,"19.5%",1,0.38,0.31,0.5
"ShowMaker","Dplus Kia","Middle",42,"57%","57%",156,101,189,3.4,"60.6%","27.4%","19.6%","14%",34,-47,-2,9.1,"23.7%",685,"24.9%","24.8%",6981,281,"21.3%",1,0.43,0.21,0.21
"Siwoo","Dplus Kia","Top",42,"57%","38%",97,129,162,2,"45.5%","17.0%","25.0%","14%",26,-37,2.1,9.2,"24.9%",658,"24.2%","23.0%",8007,267,"20.2%",1,0.51,0.16,0.17
"Slayer","BNK FEARX","ADC",2,"0%","50%",3,9,5,0.9,"53.3%","20.0%","25.7%","0%",372,141,7.5,9.8,"29.5%",700,"32.7%","33.8%",2713,278,"25.5%",0,0.33,0.12,0.47
"Smash","Dplus Kia","ADC",42,"57%","67%",160,93,205,3.9,"64.1%","28.1%","18.0%","26%",75,22,0.2,10.7,"32.5%",706,"25.6%","27.3%",8306,380,"28.8%",0,0.45,0.17,0.38
"Sponge","Nongshim RedForce","Jungle",41,"32%","46%",137,173,290,2.5,"73.7%","23.7%","22.8%","39%",-29,-168,-2.6,6.3,"16.6%",489,"16.8%","17.8%",1652,246,"19.6%",7,0.4,0.33,0.38
"Taeyoon","Nongshim RedForce","ADC",20,"45%","40%",87,72,116,2.8,"67.2%","28.8%","21.5%","35%",68,-28,-1.3,9.6,"30.5%",785,"26.6%","28.2%",6878,347,"26.7%",0,0.51,0.21,0.39
"Taeyoon","BNK FEARX","ADC",20,"45%","30%",90,57,122,3.7,"73.1%","31.0%","18.7%","15%",197,186,7.2,10.4,"32.1%",857,"30.9%","32.1%",7532,351,"27.9%",0,0.48,0.19,0.52
"Teddy","HANJIN BRION","ADC",40,"40%","40%",180,99,186,3.7,"66.7%","32.8%","18.0%","28%",22,44,-0.4,10.4,"31.7%",805,"29.8%","32.8%",7547,366,"28.5%",0,0.42,0.1,0.28
"Ucal","Kiwoom DRX","Middle",44,"36%","41%",188,107,218,3.8,"68.0%","31.5%","14.8%","20%",98,8,-0.4,9.4,"26.7%",697,"25.6%","26.8%",6160,287,"23.3%",0,0.41,0.13,0.19
"VicLa","BNK FEARX","Middle",29,"34%","48%",78,106,161,2.3,"64.4%","21.0%","22.3%","10%",4,75,1.7,9,"24.7%",598,"22.7%","22.1%",5242,261,"21.5%",0,0.38,0.18,0.22
"Willer","Kiwoom DRX","Jungle",44,"36%","48%",147,145,295,3,"74.0%","24.6%","20.1%","36%",0,135,1.2,6.9,"18.3%",441,"16.1%","17.8%",1552,255,"20.6%",2,0.43,0.33,0.4
"Zeka","Hanwha Life Esports","Middle",43,"74%","53%",226,86,299,6.1,"67.2%","28.9%","14.4%","16%",-22,-47,-0.9,9.2,"25.6%",743,"24.9%","26.1%",7577,308,"21.8%",0,0.41,0.18,0.23
"Zeus","Hanwha Life Esports","Top",43,"74%","49%",142,112,285,3.8,"54.7%","18.2%","18.7%","19%",144,136,3.3,8.2,"21.5%",664,"22.2%","20.7%",9623,275,"19.6%",0,0.46,0.16,0.15